{"train_loss_big_cnn": 0.07608213275671005, "train_loss_little_cnn": 0.07095000147819519, "train_loss_mlp": 0.17016594111919403, "epoch": 9, "trainer/global_step": 9379, "_timestamp": 1703634860.861196, "_runtime": 429.78572392463684, "_step": 196, "val_loss_big_cnn": 0.2562754154205322, "val_loss_little_cnn": 0.2586709260940552, "val_loss_mlp": 0.351535826921463, "_wandb": {"runtime": 429}}